CustomerID;CustomerName;TotalNBOrders;TotalNBInvoices;OrdersTotalValue;InvoicesTotalValue;AbsoluteValueDifference
1060;Anand Mudaliyar;4;4;7240.20;7240.20;0.00
1059;Jibek Juniskyzy;8;8;13208.10;13208.10;0.00
1061;Agrita Abele;9;9;22829.65;22829.65;0.00
1056;Kalyani Benjaree;13;13;44808.45;44808.45;0.00
1058;Jaroslav Fisar;14;14;54552.40;54552.40;0.00
1050;Amrita Ganguly;17;17;42138.15;42138.15;0.00
1057;Ganesh Majumdar;18;18;46772.25;46772.25;0.00
1048;Abhra Ganguly;20;20;58243.35;58243.35;0.00
1051;Sylvie Laramee;21;21;38734.50;38734.50;0.00
1053;Luis Saucedo;23;23;40036.80;40036.80;0.00
1055;Adriana Pena;24;24;55629.05;55629.05;0.00
1049;Amet Shergill;26;26;48685.80;48685.80;0.00
1054;Emma Salpa;26;26;51439.35;51439.35;0.00
1047;Ivana Hadrabova;27;27;49336.95;49336.95;0.00
1052;Ian Olofsson;28;28;66913.85;66913.85;0.00
1046;Christian Couet;36;36;97806.65;97806.65;0.00
1044;Hanita Nookala;42;42;92791.65;92791.65;0.00
1036;Erik Malk;46;46;160249.00;160249.00;0.00
1042;Nguyen Banh;47;47;111939.50;111939.50;0.00
1041;Tomo Vidovic;48;48;108959.40;108959.40;0.00
1039;Bhaamini Palagummi;49;49;93465.40;93465.40;0.00
1038;Damodara Trivedi;50;50;106879.45;106879.45;0.00
1035;Manjunatha Karnik;52;52;136118.00;136118.00;0.00
1043;Raj Verma;52;52;145724.40;145724.40;0.00
1045;Matteo Cattaneo;54;54;144951.40;144951.40;0.00
1030;Chompoo Atitarn;55;55;138137.40;138137.40;0.00
1040;Damodar Shenoy;55;55;131871.90;131871.90;0.00
1034;Aishwarya Dantuluri;59;59;165909.10;165909.10;0.00
1026;Daniella Cavalcante;65;65;146813.35;146813.35;0.00
1037;David Jaramillo;67;67;179704.90;179704.90;0.00
1028;Emma Van Zant;68;68;134261.00;134261.00;0.00
1033;Cuneyt Arslan;69;69;173816.50;173816.50;0.00
1032;Som Mukherjee;69;69;166189.70;166189.70;0.00
1027;Serdar ozden;73;73;162660.00;162660.00;0.00
1029;Veronika Necesana;73;73;189479.95;189479.95;0.00
577;Wingtip Toys (Cherryplain, NY);73;73;154555.45;154555.45;0.00
1019;Dhanishta Pullela;74;74;177206.70;177206.70;0.00
869;Abel Tatarescu;76;76;153664.05;153664.05;0.00
1031;Dipti Shah;76;76;140446.35;140446.35;0.00
1021;Fabrice Cloutier;76;76;153963.15;153963.15;0.00
1020;Hai Banh;77;77;201418.45;201418.45;0.00
1015;Isa Hulsegge;79;79;173963.20;173963.20;0.00
491;Wingtip Toys (Morton Grove, IL);80;80;190017.30;190017.30;0.00
1012;Urve Kasesalu;81;81;203067.60;203067.60;0.00
1023;Farzana Habibi;82;82;181007.95;181007.95;0.00
1025;Tuulikki Linna;82;82;196163.80;196163.80;0.00
1013;Annette  Hetu;85;85;175221.40;175221.40;0.00
1022;Nadir Seddigh;85;85;169357.35;169357.35;0.00
39;Tailspin Toys (Diablock, KY);85;85;223984.10;223984.10;0.00
999;Kristi Part;86;86;232519.95;232519.95;0.00
111;Tailspin Toys (Oriole Beach, FL);86;86;181002.15;181002.15;0.00
13;Tailspin Toys (Stonefort, IL);86;86;218424.25;218424.25;0.00
422;Wingtip Toys (Naches, WA);86;86;240031.70;240031.70;0.00
1017;David Novacek ;87;87;206994.75;206994.75;0.00
922;Sumati Chatterjee;87;87;240875.95;240875.95;0.00
539;Wingtip Toys (Nuangola, PA);87;87;185707.00;185707.00;0.00
956;Nhung Thach;88;88;194043.80;194043.80;0.00
887;Baran Jonsson;89;89;267390.65;267390.65;0.00
865;Bijoya Thakur;89;89;195044.65;195044.65;0.00
814;Johanna Hoornstra;89;89;182335.85;182335.85;0.00
818;Liia Orav;89;89;225702.00;225702.00;0.00
1003;Hue Ton;90;90;272767.85;272767.85;0.00
917;Pari Hosseini;90;90;217076.50;217076.50;0.00
73;Tailspin Toys (Cokato, MN);90;90;240469.80;240469.80;0.00
197;Tailspin Toys (Magalia, CA);90;90;183277.70;183277.70;0.00
91;Tailspin Toys (Alstead, NH);91;91;204303.60;204303.60;0.00
95;Tailspin Toys (Lavon, TX);91;91;234831.65;234831.65;0.00
66;Tailspin Toys (Madaket, MA);91;91;188680.45;188680.45;0.00
53;Tailspin Toys (Nanafalia, AL);91;91;269706.25;269706.25;0.00
490;Wingtip Toys (Beals, ME);91;91;223930.00;223930.00;0.00
426;Wingtip Toys (Willow Valley, AZ);91;91;183321.40;183321.40;0.00
812;Celica Barajas;92;92;245707.60;245707.60;0.00
881;Magdalena Michnova;92;92;232871.75;232871.75;0.00
904;Olafs Rozitis;92;92;223716.80;223716.80;0.00
126;Tailspin Toys (Francis Mills, NJ);92;92;203960.40;203960.40;0.00
196;Tailspin Toys (Howells, NE);92;92;256584.40;256584.40;0.00
109;Tailspin Toys (South Laguna, CA);92;92;314652.70;314652.70;0.00
22;Tailspin Toys (Ward Ridge, FL);92;92;215637.50;215637.50;0.00
482;Wingtip Toys (Caton, NY);92;92;232555.25;232555.25;0.00
573;Wingtip Toys (Marin City, CA);92;92;169931.60;169931.60;0.00
511;Wingtip Toys (North Manitou, MI);92;92;222407.70;222407.70;0.00
945;Hoc Tran;93;93;305701.70;305701.70;0.00
477;Wingtip Toys (Glancy, MS);93;93;219391.80;219391.80;0.00
533;Wingtip Toys (Nichols Hills, OK);93;93;284220.50;284220.50;0.00
914;Chandana Shasthri;94;94;225728.15;225728.15;0.00
878;Miriam House;94;94;246832.50;246832.50;0.00
1014;Narendra Tickoo;94;94;216863.65;216863.65;0.00
883;Radha Barua;94;94;230998.55;230998.55;0.00
570;Wingtip Toys (Flomaton, AL);94;94;252327.70;252327.70;0.00
556;Wingtip Toys (Morita, TX);94;94;213406.40;213406.40;0.00
845;Emilie Hrdlickova;95;95;228507.25;228507.25;0.00
839;Juan Morse;95;95;220690.65;220690.65;0.00
1018;Nils Kaulins;95;95;235643.20;235643.20;0.00
985;Roko Ilic;95;95;249572.20;249572.20;0.00
60;Tailspin Toys (East Dailey, WV);95;95;223541.75;223541.75;0.00
62;Tailspin Toys (Great Neck Estates, NY);95;95;224520.70;224520.70;0.00
547;Wingtip Toys (Chaseley, ND);95;95;204815.50;204815.50;0.00
567;Wingtip Toys (Jeromesville, OH);95;95;208914.20;208914.20;0.00
1024;Arka Chatterjee;96;96;232820.40;232820.40;0.00
946;David safranek;96;96;265195.25;265195.25;0.00
859;Shah Alizadeh;96;96;207615.15;207615.15;0.00
822;Suparna Bhattacharya;96;96;255233.60;255233.60;0.00
20;Tailspin Toys (College Place, WA);96;96;224535.60;224535.60;0.00
160;Tailspin Toys (Crary, ND);96;96;244766.80;244766.80;0.00
147;Tailspin Toys (Fishtail, MT);96;96;230475.80;230475.80;0.00
424;Wingtip Toys (Heartwell, NE);96;96;198555.45;198555.45;0.00
470;Wingtip Toys (Universal City, TX);96;96;233430.20;233430.20;0.00
932;Nicolo Cattaneo;97;97;240414.80;240414.80;0.00
148;Tailspin Toys (Baraboo, WI);97;97;233162.90;233162.90;0.00
152;Tailspin Toys (Sun River, MT);97;97;225900.20;225900.20;0.00
1006;Taj Syme;97;97;303719.10;303719.10;0.00
929;Vladimir Henzl;97;97;206859.15;206859.15;0.00
462;Wingtip Toys (Crossroads, NM);97;97;228006.95;228006.95;0.00
1005;Bhadram Kamasamudram;98;98;220033.70;220033.70;0.00
851;Ebru Erdogan;98;98;237546.60;237546.60;0.00
998;Mahavir Sonkar;98;98;242218.85;242218.85;0.00
105;Tailspin Toys (Tomnolen, MS);98;98;221267.60;221267.60;0.00
921;Victoria Lacusta;98;98;215557.30;215557.30;0.00
423;Wingtip Toys (Baldwin City, KS);98;98;212613.55;212613.55;0.00
411;Wingtip Toys (Edmund, WI);98;98;214568.75;214568.75;0.00
517;Wingtip Toys (Licking, MO);98;98;268922.55;268922.55;0.00
574;Wingtip Toys (Molalla, OR);98;98;248275.20;248275.20;0.00
581;Wingtip Toys (Munich, ND);98;98;215245.90;215245.90;0.00
512;Wingtip Toys (Philip, SD);98;98;261544.15;261544.15;0.00
971;Dhanishta Mokkapati;99;99;257335.00;257335.00;0.00
895;Geza Roman;99;99;229132.80;229132.80;0.00
979;Melani Ravlen;99;99;253732.55;253732.55;0.00
12;Tailspin Toys (Biscay, MN);99;99;252931.60;252931.60;0.00
18;Tailspin Toys (Goffstown, NH);99;99;261427.85;261427.85;0.00
40;Tailspin Toys (Impact, TX);99;99;321163.95;321163.95;0.00
57;Tailspin Toys (Lakemore, OH);99;99;221619.80;221619.80;0.00
194;Tailspin Toys (Naples Park, FL);99;99;223973.60;223973.60;0.00
164;Tailspin Toys (Rothsville, PA);99;99;259013.60;259013.60;0.00
526;Wingtip Toys (Beekmantown, NY);99;99;251048.55;251048.55;0.00
578;Wingtip Toys (Bell Acres, PA);99;99;271219.55;271219.55;0.00
938;Anna Gyarmathi;100;100;257293.45;257293.45;0.00
925;Can ozcan;100;100;204612.80;204612.80;0.00
951;Eliza Persson;100;100;207641.10;207641.10;0.00
866;Jay Bhuiyan;100;100;210812.95;210812.95;0.00
989;Milinka Zujovic;100;100;180203.30;180203.30;0.00
948;Richard Zahradnicek;100;100;251206.45;251206.45;0.00
93;Tailspin Toys (Clewiston, FL);100;100;259270.50;259270.50;0.00
154;Tailspin Toys (Eden Valley, MN);100;100;231484.40;231484.40;0.00
156;Tailspin Toys (Hollywood Park, TX);100;100;235737.90;235737.90;0.00
46;Tailspin Toys (Jemison, AL);100;100;245926.60;245926.60;0.00
600;Wingtip Toys (Caro, MI);100;100;249373.35;249373.35;0.00
515;Wingtip Toys (Del Valle, TX);100;100;214600.15;214600.15;0.00
464;Wingtip Toys (Glen Ullin, ND);100;100;261590.90;261590.90;0.00
543;Wingtip Toys (Lexington Heights, MI);100;100;254123.50;254123.50;0.00
563;Wingtip Toys (Lostine, OR);100;100;213146.70;213146.70;0.00
568;Wingtip Toys (Ovilla, TX);100;100;199441.80;199441.80;0.00
886;Debbie Molina;101;101;268494.70;268494.70;0.00
844;Durdanah Abbasi;101;101;249823.75;249823.75;0.00
926;Richard Friar;101;101;233644.15;233644.15;0.00
824;Risto Valbe;101;101;283051.15;283051.15;0.00
175;Tailspin Toys (San Acacia, NM);101;101;207512.50;207512.50;0.00
436;Wingtip Toys (Gargatha, VA);101;101;258731.15;258731.15;0.00
576;Wingtip Toys (Goodings Grove, IL);101;101;231466.50;231466.50;0.00
590;Wingtip Toys (McAdenville, NC);101;101;224921.85;224921.85;0.00
500;Wingtip Toys (Obion, TN);101;101;253868.45;253868.45;0.00
408;Wingtip Toys (Rockwall, TX);101;101;241539.45;241539.45;0.00
540;Wingtip Toys (Weld, ME);101;101;246642.90;246642.90;0.00
832;Aakriti Byrraju;102;102;295345.40;295345.40;0.00
990;Andris Saulitis;102;102;201982.85;201982.85;0.00
855;Anna Mazzanti;102;102;281741.80;281741.80;0.00
935;Daevasree Samavedam;102;102;248994.15;248994.15;0.00
943;Drazenka Jelic;102;102;283419.20;283419.20;0.00
847;Kristiina Ivanov;102;102;215241.10;215241.10;0.00
24;Tailspin Toys (Dundarrach, NC);102;102;206388.85;206388.85;0.00
4;Tailspin Toys (Medicine Lodge, KS);102;102;299127.85;299127.85;0.00
129;Tailspin Toys (Mineral Hills, MI);102;102;268024.10;268024.10;0.00
75;Tailspin Toys (Windsor Locks, CT);102;102;274199.60;274199.60;0.00
427;Wingtip Toys (Athol Springs, NY);102;102;276429.00;276429.00;0.00
492;Wingtip Toys (Birds, IL);102;102;293388.90;293388.90;0.00
522;Wingtip Toys (Dickerson, MD);102;102;221539.75;221539.75;0.00
450;Wingtip Toys (Mount Summit, IN);102;102;203346.30;203346.30;0.00
404;Wingtip Toys (Penns Creek, PA);102;102;222959.40;222959.40;0.00
836;Abel Spirlea;103;103;254272.20;254272.20;0.00
894;Gabriela Hernandes;103;103;283713.50;283713.50;0.00
868;Laura Sykorova;103;103;248253.45;248253.45;0.00
937;Manca Hrastovsek;103;103;193333.00;193333.00;0.00
927;Matyas Sedlar;103;103;220227.05;220227.05;0.00
864;Mikhail Degtyarev;103;103;221558.30;221558.30;0.00
983;Sabine Alksne;103;103;299644.00;299644.00;0.00
83;Tailspin Toys (Absecon, NJ);103;103;260721.05;260721.05;0.00
84;Tailspin Toys (Aceitunas, PR);103;103;237639.40;237639.40;0.00
199;Tailspin Toys (Antonito, CO);103;103;229154.75;229154.75;0.00
8;Tailspin Toys (Bow Mar, CO);103;103;230582.20;230582.20;0.00
120;Tailspin Toys (Bratenahl, OH);103;103;239072.80;239072.80;0.00
19;Tailspin Toys (Lemeta, AK);103;103;223326.00;223326.00;0.00
417;Wingtip Toys (Chetek, WI);103;103;228982.60;228982.60;0.00
530;Wingtip Toys (East Mountain, TX);103;103;228570.55;228570.55;0.00
557;Wingtip Toys (New Laguna, NM);103;103;201364.45;201364.45;0.00
409;Wingtip Toys (Orick, CA);103;103;240664.40;240664.40;0.00
435;Wingtip Toys (Teutopolis, IL);103;103;276349.00;276349.00;0.00
585;Wingtip Toys (Towaco, NJ);103;103;259003.85;259003.85;0.00
535;Wingtip Toys (Triadelphia, WV);103;103;262634.85;262634.85;0.00
503;Wingtip Toys (Valhalla, NC);103;103;235322.25;235322.25;0.00
456;Wingtip Toys (West Hempstead, NY);103;103;243848.20;243848.20;0.00
962;Bhagavati Vinjamuri;104;104;265677.40;265677.40;0.00
959;Dhaatri Chavva;104;104;259902.05;259902.05;0.00
986;Neil Farrelly;104;104;274096.25;274096.25;0.00
158;Tailspin Toys (Donner, LA);104;104;241300.95;241300.95;0.00
61;Tailspin Toys (Fairfield Glade, TN);104;104;211994.90;211994.90;0.00
179;Tailspin Toys (Hiteman, IA);104;104;226338.70;226338.70;0.00
23;Tailspin Toys (Ikatan, AK);104;104;218302.00;218302.00;0.00
47;Tailspin Toys (Lake Hughes, CA);104;104;236025.70;236025.70;0.00
49;Tailspin Toys (Muir, MI);104;104;224952.55;224952.55;0.00
9;Tailspin Toys (Netcong, NJ);104;104;283113.75;283113.75;0.00
100;Tailspin Toys (Tunnelhill, PA);104;104;225476.75;225476.75;0.00
891;Taneli Riutta;104;104;279938.35;279938.35;0.00
433;Wingtip Toys (Balko, OK);104;104;234411.65;234411.65;0.00
454;Wingtip Toys (Corcovado, PR);104;104;222637.20;222637.20;0.00
599;Wingtip Toys (Dickworsham, TX);104;104;225505.25;225505.25;0.00
507;Wingtip Toys (Downingtown, PA);104;104;277421.75;277421.75;0.00
536;Wingtip Toys (Ferney, SD);104;104;235874.85;235874.85;0.00
481;Wingtip Toys (White Church, MO);104;104;288173.40;288173.40;0.00
1016;Aive Petrov;105;105;254225.80;254225.80;0.00
987;Akhil Nadar;105;105;236926.40;236926.40;0.00
842;Biju Deb;105;105;272219.70;272219.70;0.00
974;Emil Roman;105;105;250738.60;250738.60;0.00
801;Eric Torres;105;105;276267.50;276267.50;0.00
920;Gayatri Gajula;105;105;250533.95;250533.95;0.00
898;Gopalgobinda Sikdar;105;105;246963.60;246963.60;0.00
919;Kertu Sokk;105;105;233878.10;233878.10;0.00
826;Leila Carvalho;105;105;287074.15;287074.15;0.00
955;Raghu Sandhu;105;105;277220.20;277220.20;0.00
840;Rodrigo Figueiredo;105;105;245995.90;245995.90;0.00
44;Tailspin Toys (Amanda Park, WA);105;105;248011.75;248011.75;0.00
155;Tailspin Toys (Arbor Vitae, WI);105;105;266619.15;266619.15;0.00
146;Tailspin Toys (Belgreen, AL);105;105;298816.40;298816.40;0.00
34;Tailspin Toys (Dallardsville, TX);105;105;242269.05;242269.05;0.00
182;Tailspin Toys (Hayes Center, NE);105;105;316337.10;316337.10;0.00
82;Tailspin Toys (La Cueva, NM);105;105;272242.05;272242.05;0.00
136;Tailspin Toys (Mount Montgomery, NV);105;105;243054.45;243054.45;0.00
127;Tailspin Toys (Point Roberts, WA);105;105;279041.60;279041.60;0.00
76;Tailspin Toys (Yewed, OK);105;105;240270.20;240270.20;0.00
445;Wingtip Toys (Dacono, CO);105;105;248690.10;248690.10;0.00
553;Wingtip Toys (Helotes, TX);105;105;226371.30;226371.30;0.00
420;Wingtip Toys (Herlong, CA);105;105;269009.60;269009.60;0.00
551;Wingtip Toys (Huntingburg, IN);105;105;252002.35;252002.35;0.00
486;Wingtip Toys (Lowellville, OH);105;105;236712.70;236712.70;0.00
560;Wingtip Toys (Palmas del Mar, PR);105;105;238680.80;238680.80;0.00
446;Wingtip Toys (Saint Landry, LA);105;105;220213.35;220213.35;0.00
901;Adrian Andreasson;106;106;268013.45;268013.45;0.00
1004;Drishti Bose;106;106;233599.65;233599.65;0.00
944;Ida Celma;106;106;306775.20;306775.20;0.00
1007;Irma Berzina;106;106;288334.30;288334.30;0.00
970;Isidora Urias;106;106;260546.65;260546.65;0.00
825;Jayanta Thakur;106;106;269355.90;269355.90;0.00
821;Kwanjai Saowaluk;106;106;277323.20;277323.20;0.00
108;Tailspin Toys (Bernie, MO);106;106;246233.10;246233.10;0.00
137;Tailspin Toys (Carbonville, UT);106;106;290743.75;290743.75;0.00
72;Tailspin Toys (Cortaro, AZ);106;106;271254.45;271254.45;0.00
29;Tailspin Toys (Eulaton, AL);106;106;245220.20;245220.20;0.00
50;Tailspin Toys (Hambleton, WV);106;106;276603.25;276603.25;0.00
74;Tailspin Toys (Indios, PR);106;106;293438.05;293438.05;0.00
58;Tailspin Toys (Mappsburg, VA);106;106;262498.95;262498.95;0.00
167;Tailspin Toys (Rockwall, TX);106;106;265393.65;265393.65;0.00
168;Tailspin Toys (Seagraves, TX);106;106;255144.55;255144.55;0.00
96;Tailspin Toys (South La Paloma, TX);106;106;302863.60;302863.60;0.00
21;Tailspin Toys (Tresckow, PA);106;106;237369.95;237369.95;0.00
1008;Vedrana Kovacevic;106;106;251394.40;251394.40;0.00
437;Wingtip Toys (Cadogan, PA);106;106;285998.05;285998.05;0.00
419;Wingtip Toys (Compass Lake, FL);106;106;217217.75;217217.75;0.00
449;Wingtip Toys (Delray, WV);106;106;244099.60;244099.60;0.00
416;Wingtip Toys (Necedah, WI);106;106;273703.05;273703.05;0.00
571;Wingtip Toys (Pawlet, VT);106;106;240809.10;240809.10;0.00
457;Wingtip Toys (Portales, NM);106;106;197314.45;197314.45;0.00
432;Wingtip Toys (Vamo, FL);106;106;277594.10;277594.10;0.00
1009;Bhagavateeprasaad Malladi;107;107;277030.15;277030.15;0.00
909;Dena Glissen;107;107;305914.90;305914.90;0.00
860;Marcela Lucescu;107;107;270530.10;270530.10;0.00
1010;Serdar ozCelik;107;107;255831.15;255831.15;0.00
969;Staffan Persson;107;107;205319.40;205319.40;0.00
1002;Stefan Selezeanu;107;107;268285.55;268285.55;0.00
121;Tailspin Toys (Elrosa, MN);107;107;271541.45;271541.45;0.00
139;Tailspin Toys (Hardeeville, SC);107;107;265076.25;265076.25;0.00
142;Tailspin Toys (King Cove, AK);107;107;280430.65;280430.65;0.00
192;Tailspin Toys (Optimo, NM);107;107;313846.50;313846.50;0.00
159;Tailspin Toys (Saint Louis Park, MN);107;107;236715.80;236715.80;0.00
537;Wingtip Toys (Akhiok, AK);107;107;279931.90;279931.90;0.00
589;Wingtip Toys (Alcester, SD);107;107;263725.40;263725.40;0.00
529;Wingtip Toys (Griswoldville, GA);107;107;280211.75;280211.75;0.00
496;Wingtip Toys (Port Hueneme, CA);107;107;295793.25;295793.25;0.00
453;Wingtip Toys (Stanardsville, VA);107;107;235997.20;235997.20;0.00
532;Wingtip Toys (Waycross, GA);107;107;276841.25;276841.25;0.00
837;Anil Sarkar;108;108;227744.40;227744.40;0.00
892;Bahaar Asef zade;108;108;318047.05;318047.05;0.00
858;Bimla PrabhupÄda;108;108;264768.95;264768.95;0.00
833;Devraj Rao;108;108;194911.90;194911.90;0.00
957;Hee-Young Suh;108;108;246560.00;246560.00;0.00
863;Jakub Lukes;108;108;277582.25;277582.25;0.00
902;Kamila Michnova;108;108;268517.90;268517.90;0.00
973;Kumar Kamei;108;108;304738.50;304738.50;0.00
996;Laszlo Gardenier;108;108;354680.80;354680.80;0.00
966;Sara Walkky;108;108;244464.75;244464.75;0.00
85;Tailspin Toys (Andrix, CO);108;108;263083.15;263083.15;0.00
114;Tailspin Toys (Cherry Grove Beach, SC);108;108;243201.95;243201.95;0.00
144;Tailspin Toys (Larose, LA);108;108;275968.10;275968.10;0.00
172;Tailspin Toys (Madrone, NM);108;108;273493.10;273493.10;0.00
86;Tailspin Toys (New Lexington, OH);108;108;319743.25;319743.25;0.00
41;Tailspin Toys (Olivette, MO);108;108;231534.35;231534.35;0.00
171;Tailspin Toys (Ortley Beach, NJ);108;108;272880.80;272880.80;0.00
189;Tailspin Toys (Wilkes-Barre, PA);108;108;229246.60;229246.60;0.00
509;Wingtip Toys (Bergen Park, CO);108;108;286997.65;286997.65;0.00
443;Wingtip Toys (Berville, MI);108;108;252762.70;252762.70;0.00
519;Wingtip Toys (Boynton, OK);108;108;265773.20;265773.20;0.00
475;Wingtip Toys (Cale, AR);108;108;278443.90;278443.90;0.00
499;Wingtip Toys (East Fultonham, OH);108;108;262070.00;262070.00;0.00
473;Wingtip Toys (Floriston, CA);108;108;272013.00;272013.00;0.00
421;Wingtip Toys (Highland Home, AL);108;108;281875.50;281875.50;0.00
434;Wingtip Toys (Lime Lake, NY);108;108;308925.80;308925.80;0.00
451;Wingtip Toys (Smoot, WY);108;108;236386.85;236386.85;0.00
444;Wingtip Toys (Tea, SD);108;108;305870.05;305870.05;0.00
497;Wingtip Toys (Verdery, SC);108;108;260248.40;260248.40;0.00
915;Ana Florea;109;109;288716.35;288716.35;0.00
903;Bing Han;109;109;237976.50;237976.50;0.00
870;In-Su Bae;109;109;325301.35;325301.35;0.00
994;Libuse Kuchtova;109;109;249628.20;249628.20;0.00
931;Nada Jovanovic;109;109;238362.05;238362.05;0.00
805;Ratan Poddar;109;109;276355.65;276355.65;0.00
811;Surendra Sahu;109;109;255202.15;255202.15;0.00
125;Tailspin Toys (Annamoriah, WV);109;109;289425.10;289425.10;0.00
151;Tailspin Toys (Antares, AZ);109;109;281855.95;281855.95;0.00
174;Tailspin Toys (Astor Park, FL);109;109;248327.25;248327.25;0.00
11;Tailspin Toys (Devault, PA);109;109;306800.80;306800.80;0.00
162;Tailspin Toys (Glen Park, NY);109;109;277845.75;277845.75;0.00
64;Tailspin Toys (Hodgdon, ME);109;109;268675.50;268675.50;0.00
153;Tailspin Toys (Marcell, MN);109;109;303860.15;303860.15;0.00
54;Tailspin Toys (Railroad, PA);109;109;231444.90;231444.90;0.00
56;Tailspin Toys (Royal City, WA);109;109;235867.80;235867.80;0.00
912;Volkan senturk;109;109;278546.75;278546.75;0.00
440;Wingtip Toys (Asher, OK);109;109;259500.50;259500.50;0.00
525;Wingtip Toys (Claycomo, MO);109;109;237356.80;237356.80;0.00
596;Wingtip Toys (Cos Cob, CT);109;109;256897.20;256897.20;0.00
476;Wingtip Toys (Karthaus, PA);109;109;276754.60;276754.60;0.00
415;Wingtip Toys (Leathersville, GA);109;109;315810.55;315810.55;0.00
594;Wingtip Toys (Marfa, TX);109;109;265107.65;265107.65;0.00
582;Wingtip Toys (Montoya, NM);109;109;317535.80;317535.80;0.00
428;Wingtip Toys (Paw Paw Lake, MI);109;109;283064.65;283064.65;0.00
494;Wingtip Toys (Pikeview, CO);109;109;300733.05;300733.05;0.00
471;Wingtip Toys (Ridgemark, CA);109;109;264477.95;264477.95;0.00
480;Wingtip Toys (Wapinitia, OR);109;109;343236.10;343236.10;0.00
952;Chuan Wattanasin;110;110;250647.85;250647.85;0.00
827;Crina Grasu;110;110;274483.15;274483.15;0.00
993;Gasper Havzija;110;110;255947.80;255947.80;0.00
939;Ioana Florea;110;110;293589.65;293589.65;0.00
843;Marija Justina Pasek;110;110;237314.85;237314.85;0.00
187;Tailspin Toys (Brown City, MI);110;110;320102.15;320102.15;0.00
113;Tailspin Toys (Dahlia, NM);110;110;249913.80;249913.80;0.00
128;Tailspin Toys (East Portal, CO);110;110;274426.35;274426.35;0.00
59;Tailspin Toys (Edgartown, MA);110;110;247751.15;247751.15;0.00
6;Tailspin Toys (Jessie, ND);110;110;256737.60;256737.60;0.00
193;Tailspin Toys (Knifley, KY);110;110;250605.85;250605.85;0.00
69;Tailspin Toys (Lytle Creek, CA);110;110;266743.35;266743.35;0.00
176;Tailspin Toys (Malott, WA);110;110;307146.35;307146.35;0.00
87;Tailspin Toys (Sauquoit, NY);110;110;305855.35;305855.35;0.00
190;Tailspin Toys (Teutopolis, IL);110;110;279824.15;279824.15;0.00
104;Tailspin Toys (Wallagrass, ME);110;110;221635.65;221635.65;0.00
495;Wingtip Toys (Boalsburg, PA);110;110;280466.25;280466.25;0.00
587;Wingtip Toys (Plata, TX);110;110;292006.50;292006.50;0.00
455;Wingtip Toys (Taft Heights, CA);110;110;298219.95;298219.95;0.00
572;Wingtip Toys (Trout Run, PA);110;110;297738.65;297738.65;0.00
817;Agrita Kanepa;111;111;266379.15;266379.15;0.00
950;Emily Whittle;111;111;273698.70;273698.70;0.00
808;Jackson Kolios;111;111;221482.90;221482.90;0.00
879;Jitka Necesana;111;111;265730.85;265730.85;0.00
872;Katerina Hadrabova;111;111;277983.65;277983.65;0.00
896;Leonardo Folliero;111;111;264111.20;264111.20;0.00
940;Lorin Astrom;111;111;221607.40;221607.40;0.00
819;Santiago Vera;111;111;238253.20;238253.20;0.00
806;Shi Tu;111;111;286260.40;286260.40;0.00
101;Tailspin Toys (Cundiyo, NM);111;111;286858.05;286858.05;0.00
36;Tailspin Toys (Ekron, KY);111;111;211211.35;211211.35;0.00
116;Tailspin Toys (Rafael Capó, PR);111;111;266658.70;266658.70;0.00
117;Tailspin Toys (Scofield, UT);111;111;281031.40;281031.40;0.00
134;Tailspin Toys (Tavares, FL);111;111;294563.40;294563.40;0.00
504;Wingtip Toys (Cape Neddick, ME);111;111;195208.05;195208.05;0.00
524;Wingtip Toys (Cloquet, MN);111;111;270461.85;270461.85;0.00
463;Wingtip Toys (Cowlington, OK);111;111;268663.50;268663.50;0.00
592;Wingtip Toys (Dunkerton, IA);111;111;278980.20;278980.20;0.00
588;Wingtip Toys (Oak Point, TX);111;111;327253.55;327253.55;0.00
518;Wingtip Toys (Raton, NM);111;111;252961.90;252961.90;0.00
542;Wingtip Toys (Schererville, IN);111;111;312478.05;312478.05;0.00
478;Wingtip Toys (Stoneboro, PA);111;111;331986.50;331986.50;0.00
992;Amarakumaar Gadiyaram;112;112;268328.00;268328.00;0.00
802;Cosmina Vlad;112;112;259917.30;259917.30;0.00
871;Darshana Madhunapantula;112;112;263636.75;263636.75;0.00
873;Hana Hlouskova;112;112;237125.65;237125.65;0.00
995;Kumar Naicker;112;112;275039.15;275039.15;0.00
911;Liidia Lepp;112;112;284305.95;284305.95;0.00
923;Tai Bach;112;112;271161.45;271161.45;0.00
33;Tailspin Toys (Boyden Arbor, SC);112;112;283838.30;283838.30;0.00
55;Tailspin Toys (Gum Branch, GA);112;112;297657.70;297657.70;0.00
181;Tailspin Toys (Heilwood, PA);112;112;239126.30;239126.30;0.00
31;Tailspin Toys (Lake Stevens, WA);112;112;279973.05;279973.05;0.00
191;Tailspin Toys (Orchard Hill, GA);112;112;279790.30;279790.30;0.00
92;Tailspin Toys (Sans Souci, SC);112;112;279129.60;279129.60;0.00
43;Tailspin Toys (Upper Preston, WA);112;112;305167.85;305167.85;0.00
595;Wingtip Toys (Accomac, VA);112;112;300565.00;300565.00;0.00
579;Wingtip Toys (Connoquenessing, PA);112;112;315660.30;315660.30;0.00
487;Wingtip Toys (Elverson, PA);112;112;259757.40;259757.40;0.00
555;Wingtip Toys (Liberty Grove, MD);112;112;239421.30;239421.30;0.00
561;Wingtip Toys (Marion Junction, AL);112;112;260944.85;260944.85;0.00
564;Wingtip Toys (Tilleda, WI);112;112;280049.15;280049.15;0.00
461;Wingtip Toys (Vair, TX);112;112;235767.90;235767.90;0.00
928;Arijit Bhuiyan;113;113;323854.25;323854.25;0.00
852;Bhagavaan Atluri;113;113;235987.80;235987.80;0.00
936;Ludmila Smidova;113;113;272793.60;272793.60;0.00
882;Maryann Huddleston;113;113;303014.05;303014.05;0.00
905;Sara Huiting;113;113;271909.95;271909.95;0.00
813;Shyam Poddar;113;113;321098.05;321098.05;0.00
908;Sumati Bhat;113;113;299667.45;299667.45;0.00
161;Tailspin Toys (Aspen Park, CO);113;113;262322.00;262322.00;0.00
27;Tailspin Toys (Bowlus, MN);113;113;306954.45;306954.45;0.00
77;Tailspin Toys (Hahira, GA);113;113;236024.00;236024.00;0.00
145;Tailspin Toys (Manahawkin, NJ);113;113;271732.65;271732.65;0.00
123;Tailspin Toys (Roe Park, NY);113;113;288051.70;288051.70;0.00
165;Tailspin Toys (Topstone, CT);113;113;245280.75;245280.75;0.00
425;Wingtip Toys (Bethel Acres, OK);113;113;284494.75;284494.75;0.00
508;Wingtip Toys (Branson West, MO);113;113;300315.60;300315.60;0.00
401;Wingtip Toys (Head Office);113;113;281212.00;281212.00;0.00
550;Wingtip Toys (Morrison Bluff, AR);113;113;352287.20;352287.20;0.00
552;Wingtip Toys (Shay, PA);113;113;254836.65;254836.65;0.00
899;Chin-Sun Chang;114;114;298970.80;298970.80;0.00
807;Gunnar Lohmus;114;114;315028.35;315028.35;0.00
984;Kamala Nishad;114;114;284235.15;284235.15;0.00
949;Seo-yun Paik;114;114;342138.85;342138.85;0.00
15;Tailspin Toys (Batson, TX);114;114;296487.50;296487.50;0.00
170;Tailspin Toys (Eastchester, NY);114;114;323930.80;323930.80;0.00
124;Tailspin Toys (Hanoverton, OH);114;114;270666.80;270666.80;0.00
51;Tailspin Toys (Imlaystown, NJ);114;114;253988.30;253988.30;0.00
37;Tailspin Toys (Kerby, OR);114;114;303590.50;303590.50;0.00
138;Tailspin Toys (Navassa, NC);114;114;299557.65;299557.65;0.00
591;Wingtip Toys (Idaho City, ID);114;114;295808.15;295808.15;0.00
441;Wingtip Toys (Keosauqua, IA);114;114;265308.40;265308.40;0.00
484;Wingtip Toys (Mauldin, SC);114;114;244942.75;244942.75;0.00
407;Wingtip Toys (Mooringsport, LA);114;114;287662.10;287662.10;0.00
468;Wingtip Toys (Sunburg, MN);114;114;267108.05;267108.05;0.00
853;Caterina Pinto;115;115;262801.30;262801.30;0.00
816;Harsha Huq;115;115;284646.55;284646.55;0.00
977;Mauno Laurila;115;115;369058.30;369058.30;0.00
875;Philip Walker;115;115;301491.30;301491.30;0.00
141;Tailspin Toys (Arrow Rock, MO);115;115;229153.60;229153.60;0.00
52;Tailspin Toys (Idria, CA);115;115;264406.75;264406.75;0.00
166;Tailspin Toys (McCamey, TX);115;115;297965.55;297965.55;0.00
112;Tailspin Toys (Sallyards, KS);115;115;240177.15;240177.15;0.00
10;Tailspin Toys (Wimbledon, ND);115;115;317126.45;317126.45;0.00
474;Wingtip Toys (Bokeelia, FL);115;115;328375.45;328375.45;0.00
412;Wingtip Toys (Bozeman Hot Springs, MT);115;115;253958.30;253958.30;0.00
447;Wingtip Toys (Coin, IA);115;115;292807.50;292807.50;0.00
469;Wingtip Toys (Johnetta, KY);115;115;265796.10;265796.10;0.00
549;Wingtip Toys (Lake Ronkonkoma, NY);115;115;310172.20;310172.20;0.00
466;Wingtip Toys (Lytle, TX);115;115;280066.35;280066.35;0.00
460;Wingtip Toys (Mayhill, NM);115;115;295360.15;295360.15;0.00
559;Wingtip Toys (Mendoza, TX);115;115;275879.95;275879.95;0.00
502;Wingtip Toys (Miesville, MN);115;115;205312.55;205312.55;0.00
534;Wingtip Toys (Plaquemine, LA);115;115;316819.75;316819.75;0.00
521;Wingtip Toys (Robertsdale, AL);115;115;265300.55;265300.55;0.00
513;Wingtip Toys (Straughn, IN);115;115;228763.45;228763.45;0.00
942;Chaayaadaevi Sonti;116;116;290649.40;290649.40;0.00
834;Cong Hoa;116;116;331512.10;331512.10;0.00
854;Daakshaayaani Kommineni;116;116;259878.95;259878.95;0.00
835;Dominic Davignon;116;116;255476.65;255476.65;0.00
918;Isidora Morales;116;116;287988.30;287988.30;0.00
809;Madhu Dwivedi;116;116;229780.45;229780.45;0.00
997;Nada Ana Slosar;116;116;272120.30;272120.30;0.00
890;Olya Izmaylov;116;116;288259.85;288259.85;0.00
961;Rani Ganguly;116;116;296634.45;296634.45;0.00
828;Sercan Celik;116;116;280679.65;280679.65;0.00
180;Tailspin Toys (Caselton, NV);116;116;248937.90;248937.90;0.00
94;Tailspin Toys (Cheyenne Wells, CO);116;116;327692.10;327692.10;0.00
163;Tailspin Toys (Panaca, NV);116;116;241171.30;241171.30;0.00
188;Tailspin Toys (Premont, TX);116;116;244444.65;244444.65;0.00
201;Tailspin Toys (Skyway, WA);116;116;244442.65;244442.65;0.00
63;Tailspin Toys (Stallion Springs, CA);116;116;235544.85;235544.85;0.00
119;Tailspin Toys (Statenville, GA);116;116;268750.45;268750.45;0.00
2;Tailspin Toys (Sylvanite, MT);116;116;229142.90;229142.90;0.00
48;Tailspin Toys (Trentwood, WA);116;116;271109.80;271109.80;0.00
913;Violetta KlanCisar;116;116;249390.40;249390.40;0.00
544;Wingtip Toys (Broomtown, AL);116;116;248285.00;248285.00;0.00
554;Wingtip Toys (Hollandsburg, IN);116;116;257552.70;257552.70;0.00
442;Wingtip Toys (Homer City, PA);116;116;328526.40;328526.40;0.00
505;Wingtip Toys (Silver Plume, CO);116;116;284816.50;284816.50;0.00
861;Amarasimha Vinjamuri;117;117;344208.65;344208.65;0.00
934;Ivan Sepulveda;117;117;288797.30;288797.30;0.00
933;Joel Carrillo;117;117;299267.25;299267.25;0.00
965;Phoung Cu;117;117;252829.35;252829.35;0.00
99;Tailspin Toys (Guin, AL);117;117;311705.15;311705.15;0.00
14;Tailspin Toys (Long Meadow, MD);117;117;360901.50;360901.50;0.00
45;Tailspin Toys (Severna Park, MD);117;117;272426.75;272426.75;0.00
135;Tailspin Toys (Terre du Lac, MO);117;117;269384.00;269384.00;0.00
501;Wingtip Toys (Cavendish, VT);117;117;279033.05;279033.05;0.00
458;Wingtip Toys (Coker, AL);117;117;262022.55;262022.55;0.00
430;Wingtip Toys (Lost River, ID);117;117;302375.80;302375.80;0.00
489;Wingtip Toys (Sayner, WI);117;117;320848.80;320848.80;0.00
978;Baalaamjali Devulapalli;118;118;280652.35;280652.35;0.00
1000;Krishnam Allu;118;118;278463.80;278463.80;0.00
988;Maksims Krastins;118;118;310332.60;310332.60;0.00
849;Sabine Zalite;118;118;296871.70;296871.70;0.00
42;Tailspin Toys (Arietta, NY);118;118;288764.75;288764.75;0.00
81;Tailspin Toys (Big Moose, NY);118;118;334587.15;334587.15;0.00
150;Tailspin Toys (Corfu, NY);118;118;250500.30;250500.30;0.00
17;Tailspin Toys (East Fultonham, OH);118;118;284844.25;284844.25;0.00
98;Tailspin Toys (El Centro, CA);118;118;298878.40;298878.40;0.00
5;Tailspin Toys (Gasport, NY);118;118;257129.40;257129.40;0.00
107;Tailspin Toys (Glen Avon, CA);118;118;280891.30;280891.30;0.00
26;Tailspin Toys (Hedrick, IA);118;118;285242.95;285242.95;0.00
103;Tailspin Toys (Kalvesta, KS);118;118;281847.85;281847.85;0.00
80;Tailspin Toys (Valdese, NC);118;118;292032.70;292032.70;0.00
566;Wingtip Toys (Amado, AZ);118;118;276729.05;276729.05;0.00
584;Wingtip Toys (Cache, OK);118;118;274941.00;274941.00;0.00
431;Wingtip Toys (Rosa Sánchez, PR);118;118;288866.35;288866.35;0.00
414;Wingtip Toys (Rose Tree, PA);118;118;281575.55;281575.55;0.00
406;Wingtip Toys (Tuscaloosa, AL);118;118;307647.15;307647.15;0.00
562;Wingtip Toys (Ware Shoals, SC);118;118;292022.10;292022.10;0.00
897;Allan Mannik;119;119;258212.55;258212.55;0.00
924;Eva Schulteisz;119;119;278857.70;278857.70;0.00
867;Jasna Cerkez;119;119;312376.70;312376.70;0.00
820;Knut Svensson;119;119;294542.70;294542.70;0.00
178;Tailspin Toys (Armstrong Creek, WI);119;119;298173.15;298173.15;0.00
25;Tailspin Toys (Avenal, CA);119;119;276939.90;276939.90;0.00
88;Tailspin Toys (Dracut, MA);119;119;265375.70;265375.70;0.00
122;Tailspin Toys (McClave, CO);119;119;292416.60;292416.60;0.00
28;Tailspin Toys (North Ridge, NY);119;119;288928.75;288928.75;0.00
538;Wingtip Toys (Deeson, MS);119;119;313276.20;313276.20;0.00
520;Wingtip Toys (Frenchburg, KY);119;119;264316.80;264316.80;0.00
488;Wingtip Toys (Isabela, PR);119;119;294022.25;294022.25;0.00
452;Wingtip Toys (Lake Davis, CA);119;119;305447.65;305447.65;0.00
465;Wingtip Toys (Oologah, OK);119;119;268761.30;268761.30;0.00
575;Wingtip Toys (Trumansburg, NY);119;119;261619.55;261619.55;0.00
841;Camille Authier;120;120;353499.15;353499.15;0.00
857;Clarissa Manfrin;120;120;279608.35;279608.35;0.00
850;Daakshaayaani Sankaramanchi;120;120;296183.95;296183.95;0.00
874;Daniel Martensson;120;120;346062.20;346062.20;0.00
829;Jack Walker;120;120;303241.95;303241.95;0.00
888;Jai Lamble;120;120;290061.80;290061.80;0.00
877;Leyla Siavashi;120;120;309614.75;309614.75;0.00
838;Pavel Bogdanov;120;120;274184.35;274184.35;0.00
856;Satish Mittal;120;120;345839.10;345839.10;0.00
198;Tailspin Toys (Buell, MO);120;120;337822.05;337822.05;0.00
71;Tailspin Toys (Good Hart, MI);120;120;339867.35;339867.35;0.00
133;Tailspin Toys (Lake Erie Beach, NY);120;120;315942.65;315942.65;0.00
97;Tailspin Toys (Manchester Center, VT);120;120;284880.65;284880.65;0.00
177;Tailspin Toys (Orrtanna, PA);120;120;307244.80;307244.80;0.00
157;Tailspin Toys (Saks, AL);120;120;293489.85;293489.85;0.00
89;Tailspin Toys (Victory Gardens, NJ);120;120;317019.70;317019.70;0.00
402;Wingtip Toys (Black Lick, PA);120;120;273419.45;273419.45;0.00
485;Wingtip Toys (Bonner Springs, KS);120;120;302303.75;302303.75;0.00
510;Wingtip Toys (Grabill, IN);120;120;351138.65;351138.65;0.00
438;Wingtip Toys (Lucasville, OH);120;120;232562.45;232562.45;0.00
467;Wingtip Toys (Mahaffey, PA);120;120;293471.65;293471.65;0.00
483;Wingtip Toys (Plum Branch, SC);120;120;293793.50;293793.50;0.00
413;Wingtip Toys (Truscott, TX);120;120;328241.20;328241.20;0.00
418;Wingtip Toys (Yaak, MT);120;120;285884.50;285884.50;0.00
893;Leyla Asef zade;121;121;251205.45;251205.45;0.00
115;Tailspin Toys (Bethania, NC);121;121;321225.95;321225.95;0.00
65;Tailspin Toys (North Cowden, TX);121;121;327184.80;327184.80;0.00
173;Tailspin Toys (Wappingers Falls, NY);121;121;286277.50;286277.50;0.00
410;Wingtip Toys (Bernstein, TX);121;121;299908.30;299908.30;0.00
514;Wingtip Toys (Gilford, NH);121;121;262606.40;262606.40;0.00
459;Wingtip Toys (Haydenville, OH);121;121;262286.00;262286.00;0.00
541;Wingtip Toys (Mickleton, NJ);121;121;332515.15;332515.15;0.00
479;Wingtip Toys (Mier, IN);121;121;296464.05;296464.05;0.00
601;Wingtip Toys (Ruthsburg, MD);121;121;281714.00;281714.00;0.00
963;Be Trang;122;122;260400.65;260400.65;0.00
960;Edgar Jogi;122;122;298236.25;298236.25;0.00
830;Jana Fialova;122;122;302139.20;302139.20;0.00
876;Marie LeBatelier;122;122;307822.50;307822.50;0.00
68;Tailspin Toys (Gardere, LA);122;122;276960.75;276960.75;0.00
30;Tailspin Toys (Koontzville, WA);122;122;299367.25;299367.25;0.00
130;Tailspin Toys (Maple Shade, NJ);122;122;289932.95;289932.95;0.00
118;Tailspin Toys (Vassalboro, ME);122;122;300693.80;300693.80;0.00
958;Valentin Tirlea;122;122;318103.20;318103.20;0.00
429;Wingtip Toys (Lilbourn, MO);122;122;313093.60;313093.60;0.00
506;Wingtip Toys (North Beach Haven, NJ);122;122;318193.35;318193.35;0.00
498;Wingtip Toys (Obetz, OH);122;122;284860.30;284860.30;0.00
403;Wingtip Toys (Queen Valley, AZ);122;122;307532.65;307532.65;0.00
884;Anindya Ghatak;123;123;313143.60;313143.60;0.00
803;Bala Dixit;123;123;268565.25;268565.25;0.00
907;Eugen Agafitei;123;123;309498.85;309498.85;0.00
862;Lana Goransson;123;123;276159.05;276159.05;0.00
815;Libuse Valentova;123;123;313044.50;313044.50;0.00
846;Malorie Bousquet;123;123;234283.25;234283.25;0.00
1;Tailspin Toys (Head Office);123;123;305494.40;305494.40;0.00
169;Tailspin Toys (Sinclair, WY);123;123;278238.30;278238.30;0.00
184;Tailspin Toys (South Euclid, OH);123;123;236871.15;236871.15;0.00
200;Tailspin Toys (Tooele, UT);123;123;271341.25;271341.25;0.00
548;Wingtip Toys (Indian Creek, IL);123;123;314993.70;314993.70;0.00
528;Wingtip Toys (Rich Creek, VA);123;123;317716.45;317716.45;0.00
810;Alena Kellnerova;124;124;284405.45;284405.45;0.00
823;Francisca Laureano;124;124;216495.00;216495.00;0.00
954;Nasrin Omidzadeh;124;124;361939.75;361939.75;0.00
140;Tailspin Toys (Furley, KS);124;124;309778.30;309778.30;0.00
991;Valter Viiding;124;124;320851.25;320851.25;0.00
527;Wingtip Toys (Islip Terrace, NY);124;124;312878.90;312878.90;0.00
880;Edmee Glissen;125;125;280544.80;280544.80;0.00
972;Lakshmi Benipal;125;125;282651.55;282651.55;0.00
900;Lilli Sokk;125;125;306514.55;306514.55;0.00
981;Mahmut ozbek;125;125;293795.50;293795.50;0.00
889;Sointu Savonheimo;125;125;275372.45;275372.45;0.00
132;Tailspin Toys (Minidoka, ID);125;125;371822.30;371822.30;0.00
79;Tailspin Toys (Page City, KS);125;125;259307.35;259307.35;0.00
186;Tailspin Toys (Placer, OR);125;125;321476.10;321476.10;0.00
523;Wingtip Toys (Bruceton Mills, WV);125;125;301277.05;301277.05;0.00
593;Wingtip Toys (Cuyamungue, NM);125;125;353046.95;353046.95;0.00
439;Wingtip Toys (Cylon, WI);125;125;271213.25;271213.25;0.00
597;Wingtip Toys (Haycock, AK);125;125;328237.65;328237.65;0.00
545;Wingtip Toys (Jamison, IA);125;125;319174.50;319174.50;0.00
583;Wingtip Toys (Knights Landing, CA);125;125;327417.20;327417.20;0.00
472;Wingtip Toys (San Jacinto, CA);125;125;355293.35;355293.35;0.00
906;Ajitaab Pakalapati;126;126;312882.65;312882.65;0.00
848;Alvin Bollinger;126;126;301431.35;301431.35;0.00
885;Chandrashekhar Dasgupta;126;126;304489.85;304489.85;0.00
1011;Rajeev Sandhu;126;126;265650.00;265650.00;0.00
38;Tailspin Toys (Airport Drive, MO);126;126;325895.15;325895.15;0.00
149;Tailspin Toys (Inguadona, MN);126;126;381585.35;381585.35;0.00
131;Tailspin Toys (Kwethluk, AK);126;126;266262.40;266262.40;0.00
3;Tailspin Toys (Peeples Valley, AZ);126;126;307461.05;307461.05;0.00
78;Tailspin Toys (Sekiu, WA);126;126;314765.10;314765.10;0.00
106;Tailspin Toys (Tumacacori, AZ);126;126;281664.30;281664.30;0.00
586;Wingtip Toys (Lynne, FL);126;126;328532.85;328532.85;0.00
1001;Dinh Mai;127;127;353177.75;353177.75;0.00
967;Meera Patel;127;127;288683.15;288683.15;0.00
916;Pinja Jantunen;127;127;291213.10;291213.10;0.00
531;Wingtip Toys (Omer, MI);127;127;318424.95;318424.95;0.00
982;Yves Belisle;127;127;330437.35;330437.35;0.00
947;Svetlana Todorovic;128;128;322725.15;322725.15;0.00
546;Wingtip Toys (Key Biscayne, FL);128;128;335053.55;335053.55;0.00
565;Wingtip Toys (Wapiti, WY);128;128;336411.00;336411.00;0.00
976;Alinne Matos;129;129;286296.05;286296.05;0.00
16;Tailspin Toys (Coney Island, MO);129;129;295607.25;295607.25;0.00
7;Tailspin Toys (Frankewing, TN);129;129;325415.75;325415.75;0.00
195;Tailspin Toys (Lesslie, SC);129;129;325239.95;325239.95;0.00
185;Tailspin Toys (Vidrine, LA);129;129;340163.80;340163.80;0.00
448;Wingtip Toys (Salt Wells, NV);129;129;285546.25;285546.25;0.00
953;Linh Dao;130;130;293343.70;293343.70;0.00
975;Prabodh Nair;130;130;318585.65;318585.65;0.00
102;Tailspin Toys (Fieldbrook, CA);130;130;344005.05;344005.05;0.00
558;Wingtip Toys (Bourneville, OH);131;131;332283.15;332283.15;0.00
569;Wingtip Toys (West Frostproof, FL);131;131;346621.45;346621.45;0.00
143;Tailspin Toys (Ashtabula, OH);132;132;286361.60;286361.60;0.00
67;Tailspin Toys (Sentinel Butte, ND);132;132;334970.00;334970.00;0.00
35;Tailspin Toys (Slanesville, WV);132;132;288831.40;288831.40;0.00
493;Wingtip Toys (Federalsburg, MD);132;132;254436.65;254436.65;0.00
516;Wingtip Toys (Harkers Island, NC);132;132;313081.05;313081.05;0.00
598;Wingtip Toys (Kapa'a, HI);132;132;316857.85;316857.85;0.00
930;Shantanu Huq;133;133;325743.95;325743.95;0.00
183;Tailspin Toys (Tierra Verde, FL);133;133;295667.10;295667.10;0.00
941;Bishwa Chatterjee;135;135;325480.55;325480.55;0.00
964;Ingrida Zeltina;135;135;359859.45;359859.45;0.00
980;Om Yadav;135;135;321544.65;321544.65;0.00
32;Tailspin Toys (Maypearl, TX);135;135;339721.90;339721.90;0.00
70;Tailspin Toys (New Baden, IL);135;135;293442.25;293442.25;0.00
910;Elina Kaleja;136;136;301015.00;301015.00;0.00
580;Wingtip Toys (Sarversville, PA);136;136;365427.00;365427.00;0.00
405;Wingtip Toys (Bourbonnais, IL);137;137;308060.10;308060.10;0.00
968;Anca Gogean;138;138;276384.70;276384.70;0.00
110;Tailspin Toys (North Crows Nest, IN);138;138;313999.50;313999.50;0.00
804;Aleksandrs Riekstins;139;139;328332.15;328332.15;0.00
90;Tailspin Toys (Tolna, ND);139;139;294759.10;294759.10;0.00
831;Bhaavan Rai;144;144;321163.00;321163.00;0.00